year,country,count_total
2007,Albania,30
2007,Australia,500
2007,Austria,5
2007,Azerbaijan,20
2007,Belgium,300
2007,Bulgaria,100
2007,Canada,2500
2007,Croatia,130
2007,Czech Republic,150
2007,Denmark,400
2007,Estonia,90
2007,Finland,70
2007,France,1000
2007,"Macedonia, Former Yugoslav Republic of",120
2007,Germany,3000
2007,Greece,170
2007,Hungary,180
2007,Ireland,10
2007,Italy,1950
2007,Latvia,35
2007,Lithuania,130
2007,Luxembourg,10
2007,Netherlands,220
2007,New Zealand,100
2007,Iceland,5
2007,Norway,350
2007,Poland,160
2007,Portugal,150
2007,Romania,750
2007,Slovakia,60
2007,Slovenia,50
2007,Spain,550
2007,Sweden,180
2007,Switzerland,5
2007,Turkey,800
2007,United Kingdom,5200
2007,United States,14000
2007,Albania,30
2007,Australia,500
2007,Austria,5
2007,Azerbaijan,20
2007,Belgium,300
2007,Bulgaria,100
2007,Canada,2500
2007,Croatia,130
2007,Czech Republic,150
2007,Denmark,400
2007,Estonia,90
2007,Finland,70
2007,France,1000
2007,"Macedonia, Former Yugoslav Republic of",120
2007,Germany,3000
2007,Greece,170
2007,Hungary,180
2007,Ireland,10
2007,Italy,1950
2007,Latvia,35
2007,Lithuania,130
2007,Luxembourg,10
2007,Netherlands,2200
2007,New Zealand,100
2007,Iceland,5
2007,Norway,500
2007,Poland,300
2007,Portugal,150
2007,Romania,750
2007,Slovakia,60
2007,Slovenia,50
2007,Spain,550
2007,Sweden,180
2007,Switzerland,5
2007,Turkey,800
2007,United Kingdom,5200
2007,United States,15000
2007,Albania,30
2007,Australia,500
2007,Austria,5
2007,Azerbaijan,20
2007,Belgium,300
2007,Bulgaria,100
2007,Canada,2500
2007,Croatia,130
2007,Czech Republic,150
2007,Denmark,400
2007,Estonia,90
2007,Finland,70
2007,France,1000
2007,"Macedonia, Former Yugoslav Republic of",120
2007,Germany,3000
2007,Greece,170
2007,Hungary,180
2007,Ireland,10
2007,Italy,1950
2007,Latvia,35
2007,Lithuania,130
2007,Luxembourg,10
2007,Netherlands,220
2007,New Zealand,100
2007,Iceland,5
2007,Norway,500
2007,Poland,300
2007,Portugal,150
2007,Romania,750
2007,Slovakia,60
2007,Slovenia,50
2007,Spain,550
2007,Sweden,180
2007,Switzerland,5
2007,Turkey,800
2007,United Kingdom,5200
2007,United States,15000
2007,Albania,30
2007,Australia,500
2007,Austria,2
2007,Azerbaijan,20
2007,Belgium,300
2007,Bulgaria,100
2007,Canada,2500
2007,Croatia,180
2007,Czech Republic,150
2007,Denmark,400
2007,Estonia,130
2007,Finland,70
2007,France,1000
2007,"Macedonia, Former Yugoslav Republic of",120
2007,Germany,3000
2007,Greece,170
2007,Hungary,180
2007,Ireland,5
2007,Italy,1950
2007,Latvia,35
2007,Lithuania,130
2007,Luxembourg,10
2007,Netherlands,220
2007,New Zealand,7
2007,Iceland,9
2007,Norway,500
2007,Poland,1100
2007,Portugal,150
2007,Romania,750
2007,Slovakia,60
2007,Slovenia,50
2007,Spain,650
2007,Sweden,260
2007,Switzerland,2
2007,Turkey,1200
2007,United Kingdom,6700
2007,United States,17000
2007,Albania,30
2007,Australia,700
2007,Austria,2
2007,Azerbaijan,20
2007,Belgium,295
2007,Bulgaria,400
2007,Canada,2500
2007,Croatia,175
2007,Czech Republic,220
2007,Denmark,400
2007,Estonia,110
2007,Finland,70
2007,France,800
2007,"Macedonia, Former Yugoslav Republic of",120
2007,Germany,3000
2007,Greece,145
2007,Hungary,180
2007,Ireland,5
2007,Italy,2500
2007,Latvia,35
2007,Lithuania,130
2007,Luxembourg,10
2007,Netherlands,1300
2007,New Zealand,150
2007,Iceland,9
2007,Norway,500
2007,Poland,1075
2007,Portugal,150
2007,Romania,500
2007,Slovakia,60
2007,Slovenia,50
2007,Spain,650
2007,Sweden,260
2007,Switzerland,2
2007,Turkey,1200
2007,United Kingdom,6500
2007,United States,14750
2007,Albania,142
2007,Australia,883
2007,Austria,3
2007,Azerbaijan,22
2007,Belgium,305
2007,Bulgaria,390
2007,Canada,3079
2007,Croatia,113
2007,Czech Republic,231
2007,Denmark,516
2007,Estonia,128
2007,Finland,101
2007,France,978
2007,"Macedonia, Former Yugoslav Republic of",133
2007,Germany,2908
2007,Greece,143
2007,Hungary,314
2007,Ireland,7
2007,Italy,2573
2007,Latvia,84
2007,Lithuania,198
2007,Luxembourg,9
2007,Netherlands,1341
2007,New Zealand,152
2007,Iceland,9
2007,Norway,441
2007,Poland,943
2007,Portugal,182
2007,Romania,544
2007,Slovakia,72
2007,Slovenia,65
2007,Spain,905
2007,Sweden,356
2007,Switzerland,2
2007,Turkey,1215
2007,United Kingdom,6678
2007,United States,15154
2007,Albania,138
2007,Australia,907
2007,Austria,3
2007,Azerbaijan,22
2007,Belgium,368
2007,Bulgaria,401
2007,Canada,1730
2007,Croatia,199
2007,Czech Republic,233
2007,Denmark,454
2007,Estonia,128
2007,Finland,85
2007,France,1073
2007,"Macedonia, Former Yugoslav Republic of",129
2007,Germany,3155
2007,Greece,146
2007,Hungary,225
2007,Iceland,11
2007,Ireland,7
2007,Italy,2395
2007,Latvia,97
2007,Lithuania,195
2007,Luxembourg,9
2007,Netherlands,1516
2007,New Zealand,138
2007,Norway,508
2007,Poland,937
2007,Portugal,162
2007,Romania,536
2007,Slovakia,70
2007,Slovenia,42
2007,Spain,715
2007,Sweden,340
2007,Switzerland,2
2007,Turkey,1220
2007,Ukraine,1
2007,United Kingdom,7740
2007,United States,15108
2007,Georgia,0
2007,Albania,138
2007,Australia,907
2007,Austria,3
2007,Azerbaijan,22
2007,Belgium,368
2007,Bulgaria,401
2007,Canada,1730
2007,Croatia,199
2007,Czech Republic,233
2007,Denmark,454
2007,Estonia,128
2007,Finland,85
2007,France,1073
2007,Georgia,0
2007,Germany,3155
2007,Greece,146
2007,Hungary,225
2007,Iceland,11
2007,Ireland,7
2007,Italy,2395
2007,Latvia,97
2007,Lithuania,195
2007,Luxembourg,9
2007,Netherlands,1516
2007,New Zealand,138
2007,Norway,508
2007,Poland,937
2007,Portugal,162
2007,Romania,536
2007,Slovakia,70
2007,Slovenia,42
2007,Spain,715
2007,Sweden,340
2007,Switzerland,2
2007,"Macedonia, Former Yugoslav Republic of",129
2007,Turkey,1220
2007,United Kingdom,7740
2007,United States,15108
2007,Albania,138
2007,Australia,892
2007,Austria,3
2007,Azerbaijan,22
2007,Belgium,369
2007,Bulgaria,401
2007,Canada,1730
2007,Croatia,211
2007,Czech Republic,240
2007,Denmark,628
2007,Estonia,125
2007,Finland,86
2007,France,1292
2007,Georgia,0
2007,Germany,3155
2007,Greece,143
2007,Hungary,219
2007,Iceland,10
2007,Ireland,7
2007,Italy,2358
2007,Jordan,90
2007,Latvia,96
2007,Lithuania,196
2007,Luxembourg,9
2007,Netherlands,1512
2007,New Zealand,74
2007,Norway,508
2007,Poland,1141
2007,Portugal,163
2007,Romania,537
2007,Slovakia,70
2007,Slovenia,66
2007,Spain,763
2007,Sweden,350
2007,Switzerland,2
2007,"Macedonia, Former Yugoslav Republic of",125
2007,Turkey,1219
2007,United Kingdom,7753
2007,United States,15038
2008,Albania,140
2008,Australia,1070
2008,Austria,3
2008,Azerbaijan,50
2008,Belgium,370
2008,Bulgaria,420
2008,Canada,2500
2008,Croatia,190
2008,Czech Republic,135
2008,Denmark,780
2008,Estonia,130
2008,Finland,105
2008,France,1515
2008,Georgia,1
2008,Germany,3210
2008,Greece,150
2008,Hungary,230
2008,Iceland,10
2008,Ireland,7
2008,Italy,2880
2008,Jordan,90
2008,Latvia,100
2008,Lithuania,260
2008,Luxembourg,9
2008,Netherlands,1650
2008,New Zealand,115
2008,Norway,495
2008,Poland,1100
2008,Portugal,160
2008,Romania,535
2008,Singapore,2
2008,Slovakia,70
2008,Slovenia,70
2008,Spain,740
2008,Sweden,345
2008,Switzerland,2
2008,"Macedonia, Former Yugoslav Republic of",130
2008,Turkey,675
2008,United Kingdom,7800
2008,United States,15000
2008,Albania,140
2008,Australia,1100
2008,Austria,2
2008,Azerbaijan,40
2008,Belgium,360
2008,Bulgaria,400
2008,Canada,2500
2008,Croatia,210
2008,Czech Republic,290
2008,Denmark,690
2008,Estonia,120
2008,Finland,100
2008,France,1430
2008,Georgia,1
2008,Germany,3490
2008,Greece,130
2008,Hungary,250
2008,Iceland,10
2008,Ireland,7
2008,Italy,2360
2008,Jordan,90
2008,Latvia,100
2008,Lithuania,260
2008,Luxembourg,9
2008,Netherlands,1730
2008,New Zealand,110
2008,Norway,540
2008,Poland,1020
2008,Portugal,170
2008,Romania,530
2008,Singapore,2
2008,Slovakia,60
2008,Slovenia,70
2008,Spain,770
2008,Sweden,350
2008,"Macedonia, Former Yugoslav Republic of",130
2008,Turkey,750
2008,Ukraine,3
2008,United Kingdom,7750
2008,United States,19000
2008,Albania,140
2008,Australia,1100
2008,Austria,2
2008,Azerbaijan,45
2008,Belgium,375
2008,Bulgaria,420
2008,Canada,2500
2008,Croatia,210
2008,Czech Republic,370
2008,Denmark,690
2008,Estonia,120
2008,Finland,65
2008,France,1670
2008,Georgia,0
2008,Germany,3370
2008,Greece,150
2008,Hungary,205
2008,Iceland,10
2008,Ireland,7
2008,Italy,2350
2008,Jordan,265
2008,Latvia,75
2008,Lithuania,200
2008,Luxembourg,9
2008,Netherlands,1770
2008,New Zealand,160
2008,Norway,580
2008,Poland,1140
2008,Portugal,165
2008,Romania,570
2008,Singapore,2
2008,Slovakia,70
2008,Slovenia,70
2008,Spain,800
2008,Sweden,250
2008,"Macedonia, Former Yugoslav Republic of",140
2008,Turkey,760
2008,Ukraine,3
2008,United Kingdom,8530
2008,United States,23550
2008,Albania,140
2008,Australia,1080
2008,Austria,1
2008,Azerbaijan,45
2008,Belgium,390
2008,Bulgaria,460
2008,Canada,2500
2008,Croatia,200
2008,Czech Republic,490
2008,Denmark,750
2008,Estonia,120
2008,Finland,80
2008,France,2660
2008,Georgia,1
2008,Germany,3220
2008,Greece,130
2008,Hungary,200
2008,Iceland,8
2008,Ireland,7
2008,Italy,2350
2008,Jordan,0
2008,Latvia,70
2008,Lithuania,200
2008,Luxembourg,9
2008,Netherlands,1770
2008,New Zealand,155
2008,Norway,420
2008,Poland,1130
2008,Portugal,40
2008,Romania,730
2008,Singapore,0
2008,Slovakia,70
2008,Slovenia,70
2008,Spain,780
2008,Sweden,290
2008,"Macedonia, Former Yugoslav Republic of",135
2008,Turkey,725
2008,Ukraine,3
2008,United Kingdom,8380
2008,United States,17790
2008,Albania,140
2008,Australia,1080
2008,Austria,1
2008,Azerbaijan,45
2008,Belgium,420
2008,Bulgaria,460
2008,Canada,2500
2008,Croatia,280
2008,Czech Republic,415
2008,Denmark,750
2008,Estonia,120
2008,Finland,80
2008,France,2730
2008,Georgia,1
2008,Germany,3310
2008,Greece,130
2008,Hungary,240
2008,Iceland,8
2008,Ireland,7
2008,Italy,2350
2008,Jordan,0
2008,Latvia,70
2008,Lithuania,200
2008,Luxembourg,9
2008,Netherlands,1770
2008,New Zealand,155
2008,Norway,455
2008,Poland,1130
2008,Portugal,70
2008,Romania,725
2008,Singapore,0
2008,Slovakia,70
2008,Slovenia,70
2008,Spain,780
2008,Sweden,280
2008,"Macedonia, Former Yugoslav Republic of",135
2008,Turkey,800
2008,Ukraine,3
2008,United Kingdom,8330
2008,United States,20600
2008,Albania,140
2008,Australia,1080
2008,Austria,1
2008,Azerbaijan,45
2008,Belgium,420
2008,Bulgaria,460
2008,Canada,2500
2008,Croatia,280
2008,Czech Republic,415
2008,Denmark,750
2008,Estonia,120
2008,Finland,80
2008,France,2730
2008,Georgia,1
2008,Germany,3310
2008,Greece,130
2008,Hungary,240
2008,Iceland,8
2008,Ireland,7
2008,Italy,2350
2008,Jordan,0
2008,Latvia,70
2008,Lithuania,200
2008,Luxembourg,9
2008,Netherlands,1770
2008,New Zealand,155
2008,Norway,455
2008,Poland,1130
2008,Portugal,70
2008,Romania,725
2008,Singapore,0
2008,Slovakia,70
2008,Slovenia,70
2008,Spain,780
2008,Sweden,280
2008,"Macedonia, Former Yugoslav Republic of",135
2008,Turkey,800
2008,Ukraine,3
2008,United Arab Erimates,0
2008,United Kingdom,8330
2008,United States,20600
2008,Albania,140
2008,Australia,1090
2008,Austria,1
2008,Azerbaijan,45
2008,Belgium,400
2008,Bulgaria,460
2008,Canada,2500
2008,Croatia,300
2008,Czech Republic,415
2008,Denmark,700
2008,Estonia,130
2008,Finland,80
2008,France,2785
2008,Georgia,1
2008,Germany,3600
2008,Greece,130
2008,Hungary,240
2008,Iceland,8
2008,Ireland,7
2008,Italy,2350
2008,Jordan,0
2008,Latvia,70
2008,Lithuania,200
2008,Luxembourg,9
2008,Netherlands,1770
2008,New Zealand,150
2008,Norway,455
2008,Poland,1130
2008,Portugal,70
2008,Romania,740
2008,Singapore,0
2008,Slovakia,180
2008,Slovenia,70
2008,Spain,780
2008,Sweden,400
2008,"Macedonia, Former Yugoslav Republic of",135
2008,Turkey,860
2008,Ukraine,3
2008,United Arab Emirates,0
2008,United Kingdom,8745
2008,United States,19950
2008,Albania,140
2008,Australia,1090
2008,Austria,1
2008,Azerbaijan,45
2008,Belgium,400
2008,Bulgaria,460
2008,Canada,2750
2008,Croatia,300
2008,Czech Republic,415
2008,Denmark,700
2008,Estonia,130
2008,Finland,80
2008,France,2785
2008,Georgia,1
2008,Germany,3600
2008,Greece,130
2008,Hungary,240
2008,Iceland,8
2008,Ireland,7
2008,Italy,2350
2008,Jordan,0
2008,Latvia,70
2008,Lithuania,200
2008,Luxembourg,9
2008,Netherlands,1770
2008,New Zealand,150
2008,Norway,455
2008,Poland,1130
2008,Portugal,70
2008,Romania,740
2008,Singapore,0
2008,Slovakia,180
2008,Slovenia,70
2008,Spain,780
2008,Sweden,400
2008,"Macedonia, Former Yugoslav Republic of",135
2008,Turkey,860
2008,Ukraine,10
2008,United Arab Emirates,0
2008,United Kingdom,8745
2008,United States,19950
2009,Albania,140
2009,Australia,1090
2009,Austria,1
2009,Azerbaijan,45
2009,Belgium,410
2009,Bulgaria,465
2009,Canada,2830
2009,Croatia,280
2009,Czech Republic,415
2009,Denmark,700
2009,Estonia,130
2009,Finland,110
2009,France,2890
2009,Georgia,1
2009,Germany,3405
2009,Greece,140
2009,Hungary,240
2009,Iceland,8
2009,Ireland,7
2009,Italy,2350
2009,Jordan,0
2009,Latvia,70
2009,Lithuania,200
2009,Luxembourg,9
2009,Netherlands,1770
2009,New Zealand,150
2009,Norway,490
2009,Poland,1590
2009,Portugal,40
2009,Romania,770
2009,Singapore,20
2009,Slovakia,120
2009,Slovenia,70
2009,Spain,780
2009,Sweden,290
2009,"Macedonia, Former Yugoslav Republic of",140
2009,Turkey,800
2009,Ukraine,10
2009,United Arab Emirates,0
2009,United Kingdom,8910
2009,United States,23220
2009,Albania,140
2009,Australia,1090
2009,Austria,1
2009,Azerbaijan,45
2009,Belgium,410
2009,Bulgaria,510
2009,Canada,2830
2009,Croatia,270
2009,Czech Republic,415
2009,Denmark,700
2009,Estonia,90
2009,Finland,110
2009,France,2780
2009,Georgia,1
2009,Germany,3460
2009,Greece,140
2009,Hungary,360
2009,Iceland,8
2009,Ireland,7
2009,Italy,2350
2009,Jordan,4
2009,Latvia,160
2009,Lithuania,200
2009,Luxembourg,9
2009,Netherlands,1770
2009,New Zealand,150
2009,Norway,490
2009,Poland,1590
2009,Portugal,30
2009,Romania,900
2009,Singapore,20
2009,Slovakia,120
2009,Slovenia,70
2009,Spain,780
2009,Sweden,310
2009,"Macedonia, Former Yugoslav Republic of",170
2009,Turkey,700
2009,Ukraine,10
2009,United Arab Emirates,25
2009,United Kingdom,8300
2009,United States,24900
2009,Albania,140
2009,Australia,1090
2009,Austria,1
2009,Azerbaijan,90
2009,Belgium,405
2009,Federation of Bosnia and Herzegovina,2
2009,Bulgaria,470
2009,Canada,2830
2009,Croatia,530
2009,Czech Republic,580
2009,Denmark,700
2009,Estonia,140
2009,Finland,110
2009,France,2780
2009,Georgia,1
2009,Germany,3640
2009,Greece,140
2009,Hungary,370
2009,Iceland,8
2009,Ireland,7
2009,Italy,2350
2009,Jordan,4
2009,Latvia,160
2009,Lithuania,200
2009,Luxembourg,9
2009,Netherlands,1770
2009,New Zealand,150
2009,Norway,490
2009,Poland,1590
2009,Portugal,30
2009,Romania,900
2009,Singapore,20
2009,Slovakia,120
2009,Slovenia,70
2009,Spain,780
2009,Sweden,265
2009,"Macedonia, Former Yugoslav Republic of",170
2009,Turkey,690
2009,Ukraine,10
2009,United Arab Emirates,25
2009,United Kingdom,8300
2009,United States,29820
2009,Albania,140
2009,Australia,1090
2009,Austria,2
2009,Azerbaijan,90
2009,Belgium,450
2009,Federation of Bosnia and Herzegovina,2
2009,Bulgaria,820
2009,Canada,2830
2009,Croatia,280
2009,Czech Republic,580
2009,Denmark,700
2009,Estonia,140
2009,Finland,110
2009,France,2780
2009,Georgia,1
2009,Germany,3465
2009,Greece,140
2009,Hungary,370
2009,Iceland,8
2009,Ireland,7
2009,Italy,2350
2009,Jordan,7
2009,Latvia,160
2009,Lithuania,200
2009,Luxembourg,9
2009,Netherlands,1770
2009,New Zealand,150
2009,Norway,490
2009,Poland,1590
2009,Portugal,30
2009,Romania,860
2009,Singapore,20
2009,Slovakia,230
2009,Slovenia,70
2009,Spain,780
2009,Sweden,290
2009,"Macedonia, Former Yugoslav Republic of",170
2009,Turkey,660
2009,Ukraine,10
2009,United Arab Emirates,25
2009,United Kingdom,8300
2009,United States,26215
2009,Albania,140
2009,Australia,1090
2009,Austria,3
2009,Azerbaijan,90
2009,Belgium,500
2009,Federation of Bosnia and Herzegovina,2
2009,Bulgaria,470
2009,Canada,2830
2009,Croatia,290
2009,Czech Republic,430
2009,Denmark,700
2009,Estonia,150
2009,Finland,90
2009,France,2780
2009,Georgia,1
2009,Germany,3380
2009,Greece,145
2009,Hungary,320
2009,Iceland,8
2009,Ireland,7
2009,Italy,2350
2009,Jordan,7
2009,Latvia,165
2009,Lithuania,200
2009,Luxembourg,9
2009,Netherlands,1770
2009,New Zealand,170
2009,Norway,485
2009,Poland,2000
2009,Portugal,100
2009,Romania,875
2009,Singapore,7
2009,Slovakia,230
2009,Slovenia,70
2009,Spain,780
2009,Sweden,410
2009,"Macedonia, Former Yugoslav Republic of",170
2009,Turkey,730
2009,Ukraine,10
2009,United Arab Emirates,25
2009,United Kingdom,8300
2009,United States,28850
2009,Albania,140
2009,Australia,1090
2009,Austria,3
2009,Azerbaijan,90
2009,Belgium,510
2009,Federation of Bosnia and Herzegovina,2
2009,Bulgaria,470
2009,Canada,2800
2009,Croatia,295
2009,Czech Republic,340
2009,Denmark,700
2009,Estonia,150
2009,Finland,110
2009,France,3160
2009,Georgia,1
2009,Germany,4050
2009,Greece,145
2009,Hungary,310
2009,Iceland,8
2009,Ireland,7
2009,Italy,2795
2009,Jordan,7
2009,Latvia,165
2009,Lithuania,200
2009,Luxembourg,9
2009,Netherlands,1770
2009,New Zealand,160
2009,Norway,485
2009,Poland,2000
2009,Portugal,90
2009,Romania,1025
2009,Singapore,8
2009,Slovakia,230
2009,Slovenia,80
2009,Spain,780
2009,Sweden,430
2009,"Macedonia, Former Yugoslav Republic of",165
2009,Turkey,730
2009,Ukraine,10
2009,United Arab Emirates,25
2009,United Kingdom,9000
2009,United States,29950
2009,Albania,250
2009,Australia,1200
2009,Austria,4
2009,Azerbaijan,90
2009,Belgium,510
2009,Federation of Bosnia and Herzegovina,2
2009,Bulgaria,460
2009,Canada,2830
2009,Croatia,290
2009,Czech Republic,340
2009,Denmark,700
2009,Estonia,150
2009,Finland,130
2009,France,3070
2009,Georgia,1
2009,Germany,4245
2009,Greece,125
2009,Hungary,310
2009,Iceland,8
2009,Ireland,7
2009,Italy,2795
2009,Jordan,7
2009,Latvia,165
2009,Lithuania,250
2009,Luxembourg,8
2009,Netherlands,2160
2009,New Zealand,220
2009,Norway,600
2009,Poland,2025
2009,Portugal,105
2009,Romania,990
2009,Singapore,2
2009,Slovakia,240
2009,Slovenia,80
2009,Spain,1000
2009,Sweden,430
2009,"Macedonia, Former Yugoslav Republic of",185
2009,Turkey,820
2009,Ukraine,10
2009,United Arab Emirates,25
2009,United Kingdom,9000
2009,United States,31855
2010,Albania,255
2010,Armenia,0
2010,Australia,1550
2010,Austria,2
2010,Azerbaijan,90
2010,Belgium,575
2010,Federation of Bosnia and Herzegovina,10
2010,Bulgaria,540
2010,Canada,2830
2010,Croatia,295
2010,Czech Republic,440
2010,Denmark,750
2010,Estonia,150
2010,Finland,95
2010,France,3750
2010,Georgia,175
2010,Germany,4415
2010,Greece,15
2010,Hungary,315
2010,Iceland,3
2010,Ireland,8
2010,Italy,3150
2010,Jordan,0
2010,Latvia,175
2010,Lithuania,165
2010,Luxembourg,9
2010,Netherlands,1940
2010,New Zealand,220
2010,Norway,500
2010,Poland,1955
2010,Portugal,105
2010,Romania,945
2010,Singapore,40
2010,Slovakia,240
2010,Slovenia,70
2010,Spain,1070
2010,Sweden,410
2010,"Macedonia, Former Yugoslav Republic of",165
2010,Turkey,1755
2010,Ukraine,0
2010,United Arab Emrates,25
2010,United Kingdom,9500
2010,United States,47085
2010,Albania,250
2010,Albania,40
2010,Australia,1550
2010,Austria,3
2010,Azerbaijan,90
2010,Belgium,560
2010,Federation of Bosnia and Herzegovina,10
2010,Bulgaria,525
2010,Canada,2830
2010,Croatia,270
2010,Czech Republic,455
2010,Denmark,750
2010,Estonia,145
2010,Finland,95
2010,France,3750
2010,Georgia,175
2010,Germany,4335
2010,Greece,15
2010,Hungary,310
2010,Iceland,4
2010,Ireland,7
2010,Italy,3160
2010,Jordan,6
2010,Latvia,170
2010,Lithuania,220
2010,Luxembourg,9
2010,"Yugoslavia, Federal Republic of (Serbia-Montenegro)",4
2010,Netherlands,1880
2010,New Zealand,220
2010,Norway,470
2010,Poland,2140
2010,Portugal,110
2010,Romania,70
2010,Singapore,40
2010,Slovakia,230
2010,Slovenia,70
2010,Spain,1075
2010,Sweden,410
2010,"Macedonia, Former Yugoslav Republic of",165
2010,Turkey,1835
2010,Ukraine,8
2010,United Arab Emirates,25
2010,United Kingdom,9500
2010,United States,50590
2010,Albania,250
2010,Armenia,40
2010,Australia,1550
2010,Austria,3
2010,Azerbaijan,90
2010,Belgium,590
2010,Federation of Bosnia and Herzegovina,10
2010,Bulgaria,525
2010,Canada,2830
2010,Croatia,280
2010,Czech Republic,460
2010,Denmark,750
2010,Estonia,155
2010,Finland,100
2010,France,3750
2010,Georgia,175
2010,Germany,4665
2010,Greece,70
2010,Hungary,335
2010,Iceland,4
2010,Ireland,7
2010,Italy,3300
2010,Jordan,6
2010,"Korea, Republic of",0
2010,Latvia,115
2010,Lithuania,145
2010,Luxembourg,9
2010,Mongolia,40
2010,"Yugoslavia, Federal Republic of (Serbia-Montenegro)",30
2010,Netherlands,1885
2010,New Zealand,225
2010,Norway,470
2010,Poland,2515
2010,Portugal,105
2010,Romania,1010
2010,Singapore,40
2010,Slovakia,230
2010,Slovenia,75
2010,Spain,1270
2010,Sweden,485
2010,"Macedonia, Former Yugoslav Republic of",215
2010,Turkey,1795
2010,Ukraine,10
2010,United Arab Emirates,25
2010,United Kingdom,9500
2010,United States,62415
2010,Albania,250
2010,Armenia,75
2010,Australia,1550
2010,Austria,3
2010,Azerbaijan,90
2010,Belgium,590
2010,Federation of Bosnia and Herzegovina,10
2010,Bulgaria,525
2010,Canada,2830
2010,Croatia,280
2010,Czech Republic,525
2010,Denmark,750
2010,Estonia,160
2010,Finland,115
2010,France,3750
2010,Georgia,925
2010,Germany,4350
2010,Greece,75
2010,Hungary,340
2010,Iceland,3
2010,Ireland,7
2010,Italy,3300
2010,Jordan,6
2010,"Korea, Republic of",0
2010,Latvia,170
2010,Lithuania,245
2010,Luxembourg,9
2010,Mongolia,40
2010,"Yugoslavia, Federal Republic of (Serbia-Montenegro)",30
2010,Netherlands,1705
2010,New Zealand,155
2010,Norway,500
2010,Poland,2500
2010,Portugal,265
2010,Romania,1140
2010,Singapore,40
2010,Slovakia,290
2010,Slovenia,75
2010,Spain,1415
2010,Sweden,500
2010,"Macedonia, Former Yugoslav Republic of",210
2010,Turkey,1710
2010,Ukraine,15
2010,United Arab Emirates,25
2010,United Kingdom,9500
2010,United States,78430
2010,Albania,295
2010,Armenia,40
2010,Australia,1455
2010,Austria,3
2010,Azerbaijan,90
2010,Belgium,575
2010,Federation of Bosnia and Herzegovina,10
2010,Bulgaria,540
2010,Canada,2830
2010,Croatia,295
2010,Czech Republic,500
2010,Denmark,730
2010,Estonia,160
2010,Finland,80
2010,France,3750
2010,Georgia,925
2010,Germany,4590
2010,Greece,75
2010,Hungary,360
2010,Iceland,5
2010,Ireland,6
2010,Italy,3400
2010,Jordan,6
2010,"Korea, Republic of",270
2010,Latvia,170
2010,Lithuania,245
2010,Luxembourg,9
2010,Malaysia,40
2010,Mongolia,195
2010,"Yugoslavia, Federal Republic of (Serbia-Montenegro)",30
2010,Netherlands,380
2010,New Zealand,205
2010,Norway,500
2010,Poland,2630
2010,Portugal,250
2010,Romania,1750
2010,Singapore,30
2010,Slovakia,300
2010,Slovenia,70
2010,Spain,1555
2010,Sweden,530
2010,"Macedonia, Former Yugoslav Republic of",240
2010,Turkey,1740
2010,Ukraine,15
2010,United Arab Emirates,15
2010,United Kingdom,9500
2010,United States,78430
2010,Albania,257
2010,Albania,40
2010,Australia,1550
2010,Austria,3
2010,Azerbaijan,0
2010,Belgium,401
2010,Federation of Bosnia and Herzegovina,45
2010,Bulgaria,516
2010,Canada,2922
2010,Croatia,300
2010,Czech Republic,468
2010,Denmark,750
2010,Estonia,136
2010,Finland,150
2010,France,3750
2010,Georgia,25
2010,Germany,4388
2010,Greece,80
2010,Hungary,507
2010,Iceland,5
2010,Ireland,7
2010,Italy,3300
2010,Jordan,0
2010,"Korea, Republic of",246
2010,Latvia,155
2010,Lithuania,220
2010,Luxembourg,9
2010,Malaysia,40
2010,Mongolia,36
2010,"Yugoslavia, Federal Republic of (Serbia-Montenegro)",31
2010,Netherlands,380
2010,New Zealand,231
2010,Norway,351
2010,Poland,2417
2010,Portugal,26
2010,Romania,1646
2010,Singapore,36
2010,Slovakia,300
2010,Slovenia,72
2010,Spain,1537
2010,Sweden,500
2010,"Macedonia, Former Yugoslav Republic of",161
2010,Tonga,0
2010,Turkey,1700
2010,Ukraine,31
2010,United Arab Emirates,35
2010,United Kingdom,500
2010,United States,0
2010,Albania,258
2010,Armenia,40
2010,Australia,1550
2010,Austria,3
2010,Azerbaijan,94
2010,Belgium,491
2010,Federation of Bosnia and Herzegovina,45
2010,Bulgaria,516
2010,Canada,2922
2010,Croatia,299
2010,Czech Republic,468
2010,Denmark,750
2010,Estonia,140
2010,Finland,150
2010,France,3850
2010,Georgia,924
2010,Germany,4341
2010,Greece,80
2010,Hungary,502
2010,Iceland,4
2010,Ireland,7
2010,Italy,3688
2010,Jordan,0
2010,"Korea, Republic of",246
2010,Latvia,189
2010,Lithuania,219
2010,Luxembourg,9
2010,Malaysia,30
2010,Mongolia,47
2010,"Yugoslavia, Federal Republic of (Serbia-Montenegro)",31
2010,Netherlands,242
2010,New Zealand,234
2010,Norway,353
2010,Poland,2519
2010,Portugal,95
2010,Romania,1646
2010,Singapore,38
2010,Slovakia,250
2010,Slovenia,78
2010,Spain,1576
2010,Sweden,500
2010,"Macedonia, Former Yugoslav Republic of",163
2010,Tonga,0
2010,Turkey,1790
2010,Ukraine,16
2010,United Arab Emirates,35
2010,United Kingdom,9500
2010,United States,90000
2011,Albania,250
2011,Armenia,40
2011,Australia,1550
2011,Austria,3
2011,Azerbaijan,94
2011,Belgium,530
2011,Federation of Bosnia and Herzegovina,45
2011,Bulgaria,611
2011,Canada,2903
2011,Croatia,288
2011,Czech Republic,471
2011,Denmark,750
2011,Estonia,159
2011,Finland,165
2011,France,4000
2011,Georgia,924
2011,Germany,4922
2011,Greece,136
2011,Hungary,522
2011,Iceland,4
2011,Ireland,7
2011,Italy,3772
2011,Jordan,0
2011,"Korea, Republic of",246
2011,Latvia,136
2011,Lithuania,179
2011,Luxembourg,9
2011,Malaysia,30
2011,Mongolia,62
2011,"Yugoslavia, Federal Republic of (Serbia-Montenegro)",35
2011,Netherlands,196
2011,New Zealand,234
2011,Norway,413
2011,Poland,2490
2011,Portugal,116
2011,Romania,1693
2011,Singapore,48
2011,Slovakia,301
2011,Slovenia,80
2011,Spain,1472
2011,Sweden,500
2011,"Macedonia, Former Yugoslav Republic of",163
2011,Tonga,55
2011,Turkey,1823
2011,Ukraine,20
2011,United Arab Emirates,35
2011,United Kingdom,9500
2011,United States,90000
2011,Albania,250
2011,Armenia,40
2011,Australia,1550
2011,Austria,3
2011,Azerbaijan,95
2011,Belgium,530
2011,Federation of Bosnia and Herzegovina,45
2011,Bulgaria,610
2011,Canada,2905
2011,Croatia,290
2011,Czech Republic,470
2011,Denmark,750
2011,Estonia,160
2011,Finland,165
2011,France,4000
2011,Georgia,925
2011,Germany,4920
2011,Greece,135
2011,Hungary,520
2011,Iceland,5
2011,Ireland,7
2011,Italy,3770 '
2011,Jordan,0
2011,"Korea, Republic of",245
2011,Latvia,135
2011,Lithuania,180
2011,Luxembourg,9
2011,Malaysia,30
2011,Mongolia,60
2011,"Yugoslavia, Federal Republic of (Serbia-Montenegro)",35
2011,Netherlands,195
2011,New Zealand,235
2011,Norway,415
2011,Poland,2490
2011,Portugal,115
2011,Romania,1695
2011,Singapore,50
2011,Slovakia,300
2011,Slovenia,80
2011,Spain,1470
2011,Sweden,500
2011,"Macedonia, Former Yugoslav Republic of",165
2011,Tonga,55
2011,Turkey,1825
2011,Ukraine,20
2011,United Arab Emirates,35
2011,United Kingdom,9500
2011,United States,90000
2011,Albania,257
2011,Armenia,40
2011,Australia,1550
2011,Austria,3
2011,Azerbaijan,94
2011,Belgium,528
2011,Federation of Bosnia and Herzegovina,45
2011,Bulgaria,608
2011,Canada,2900
2011,Croatia,299
2011,Czech Republic,463
2011,Denmark,748
2011,Estonia,158
2011,Finland,165
2011,France,3979
2011,Georgia,924
2011,Germany,4909
2011,Greece,132
2011,Hungary,483
2011,Iceland,2
2011,Ireland,7
2011,Italy,3815
2011,Jordan,0
2011,"Korea, Republic of",426
2011,Latvia,136
2011,Lithuania,188
2011,Luxembourg,9
2011,Malaysia,30
2011,Mongolia,62
2011,"Yugoslavia, Federal Republic of (Serbia-Montenegro)",36
2011,Netherlands,197
2011,New Zealand,236
2011,Norway,413
2011,Poland,2527
2011,Portugal,114
2011,Romania,1726
2011,Singapore,48
2011,Slovakia,296
2011,Slovenia,79
2011,Spain,1499
2011,Sweden,500
2011,"Macedonia, Former Yugoslav Republic of",163
2011,Tonga,55
2011,Turkey,1799
2011,Ukraine,20
2011,United Arab Emirates,35
2011,United Kingdom,9500
2011,United States,90000
2011,Albania,260
2011,Armenia,40
2011,Australia,1550
2011,Austria,3
2011,Azerbaijan,95
2011,Belgium,510
2011,Federation of Bosnia and Herzegovina,55
2011,Bulgaria,600
2011,Canada,2920
2011,Croatia,310
2011,Czech Republic,485
2011,Denmark,750
2011,Estonia,160
2011,Finland,165
2011,France,4005
2011,Georgia,925
2011,Germany,5000
2011,Greece,140
2011,Hungary,335
2011,Iceland,4
2011,Ireland,8
2011,Italy,3880
2011,Jordan,0
2011,"Korea, Republic of",350
2011,Latvia,140
2011,Lithuania,220
2011,Luxembourg,10
2011,Malaysia,30
2011,Mongolia,100
2011,"Yugoslavia, Federal Republic of (Serbia-Montenegro)",35
2011,Netherlands,190
2011,New Zealand,155
2011,Norway,410
2011,Poland,2530
2011,Portugal,105
2011,Romania,1870
2011,Singapore,20
2011,Slovakia,300
2011,Slovenia,80
2011,Spain,1500
2011,Sweden,500
2011,"Macedonia, Former Yugoslav Republic of",165
2011,Tonga,55
2011,Turkey,1785
2011,Ukraine,20
2011,United Arab Emirates,35
2011,United Kingdom,9500
2011,United States,90000
2011,Albania,260
2011,Armenia,40
2011,Australia,1550
2011,Austria,3
2011,Azerbaijan,94
2011,Belgium,507
2011,Federation of Bosnia and Herzegovina,55
2011,Bulgaria,602
2011,Canada,2922
2011,Croatia,320
2011,Czech Republic,519
2011,Denmark,750
2011,Estonia,163
2011,Finland,156
2011,France,3935
2011,Georgia,937
2011,Germany,4812
2011,Greece,162
2011,Hungary,383
2011,Iceland,4
2011,Ireland,7
2011,Italy,3880
2011,Jordan,0
2011,"Korea, Republic of",350
2011,Latvia,139
2011,Lithuania,237
2011,Luxembourg,11
2011,Malaysia,31
2011,Mongolia,74
2011,"Yugoslavia, Federal Republic of (Serbia-Montenegro)",36
2011,Netherlands,192
2011,New Zealand,191
2011,Norway,406
2011,Poland,2560
2011,Portugal,133
2011,Romania,1938
2011,Singapore,21
2011,Slovakia,308
2011,Slovenia,80
2011,Spain,1552
2011,Sweden,500
2011,"Macedonia, Former Yugoslav Republic of",163
2011,Tonga,55
2011,Turkey,1786
2011,Ukraine,22
2011,United Arab Emirates,35
2011,United Kingdom,9500
2011,United States,90000
2011,Albania,260
2011,Armenia,40
2011,Australia,1550
2011,Austria,3
2011,Azerbaijan,94
2011,Belgium,507
2011,Federation of Bosnia and Herzegovina,55
2011,Bulgaria,602
2011,Canada,2922
2011,Croatia,320
2011,Czech Republic,519
2011,Denmark,750
2011,Estonia,163
2011,Finland,156
2011,France,3935
2011,Georgia,937
2011,Germany,4812
2011,Greece,162
2011,Hungary,383
2011,Iceland,4
2011,Ireland,7
2011,Italy,3880
2011,Jordan,0
2011,"Korea, Republic of",350
2011,Latvia,139
2011,Lithuania,237
2011,Luxembourg,11
2011,Malaysia,31
2011,Mongolia,74
2011,"Yugoslavia, Federal Republic of (Serbia-Montenegro)",36
2011,Netherlands,192
2011,New Zealand,191
2011,Norway,406
2011,Poland,2560
2011,Portugal,133
2011,Romania,1938
2011,Singapore,21
2011,Slovakia,308
2011,Slovenia,80
2011,Spain,1552
2011,Sweden,500
2011,"Macedonia, Former Yugoslav Republic of",163
2011,Tonga,55
2011,Turkey,1786
2011,Ukraine,22
2011,United Arab Emirates,35
2011,United Kingdom,9500
2011,United States,90000
2011,Albania,285
2011,Armenia,126
2011,Australia,1550
2011,Austria,3
2011,Azerbaijan,94
2011,Belgium,521
2011,Federation of Bosnia and Herzegovina,55
2011,Bulgaria,602
2011,Canada,513
2011,Croatia,321
2011,Czech Republic,620
2011,Denmark,750
2011,Estonia,159
2011,Finland,156
2011,France,3939
2011,Georgia,937
2011,Germany,5000
2011,Greece,160
2011,Hungary,433
2011,Iceland,4
2011,Ireland,7
2011,Italy,3974
2011,Jordan,0
2011,"Korea, Republic of",350
2011,Latvia,173
2011,Lithuania,235
2011,Luxembourg,11
2011,Malaysia,34
2011,Mongolia,114
2011,"Yugoslavia, Federal Republic of (Serbia-Montenegro)",36
2011,Netherlands,184
2011,New Zealand,190
2011,Norway,428
2011,Poland,2579
2011,Portugal,140
2011,Romania,1949
2011,Singapore,40
2011,Slovakia,309
2011,Slovenia,78
2011,Spain,1523
2011,Sweden,500
2011,"Macedonia, Former Yugoslav Republic of",163
2011,Tonga,55
2011,Turkey,1840
2011,Ukraine,22
2011,United Arab Emirates,35
2011,United Kingdom,9500
2011,United States,90000
2011,Albania,286
2011,Armenia,126
2011,Australia,1550
2011,Austria,3
2011,Azerbaijan,94
2011,Belgium,521
2011,Federation of Bosnia and Herzegovina,55
2011,Bulgaria,602
2011,Canada,520
2011,Croatia,317
2011,Czech Republic,622
2011,Denmark,750
2011,El Salvador,24
2011,Estonia,159
2011,Finland,156
2011,France,3935
2011,Georgia,937
2011,Germany,4998
2011,Greece,158
2011,Hungary,433
2011,Iceland,4
2011,Ireland,7
2011,Italy,3918
2011,Jordan,0
2011,"Korea, Republic of",350
2011,Latvia,173
2011,Lithuania,235
2011,Luxembourg,10
2011,Malaysia,46
2011,Mongolia,114
2011,"Yugoslavia, Federal Republic of (Serbia-Montenegro)",36
2011,Netherlands,183
2011,New Zealand,188
2011,Norway,428
2011,Poland,2580
2011,Portugal,140
2011,Romania,1948
2011,Singapore,38
2011,Slovakia,309
2011,Slovenia,78
2011,Spain,1523
2011,Sweden,500
2011,"Macedonia, Former Yugoslav Republic of",163
2011,Tonga,55
2011,Turkey,1840
2011,Ukraine,23
2011,United Arab Emirates,35
2011,United Kingdom,9500
2011,United States,90000
2011,Albania,286
2011,Armenia,126
2011,Australia,1650
2011,Austria,3
2011,Azerbaijan,94
2011,Bahrain,95
2011,Belgium,520
2011,Federation of Bosnia and Herzegovina,55
2011,Bulgaria,598
2011,Canada,556
2011,Croatia,312
2011,Czech Republic,626
2011,Denmark,750
2011,El Salvador,24
2011,Estonia,154
2011,Finland,156
2011,France,3916
2011,Georgia,935
2011,Germany,4818
2011,Greece,154
2011,Hungary,413
2011,Iceland,4
2011,Ireland,7
2011,Italy,3952
2011,Jordan,0
2011,"Korea, Republic of",350
2011,Latvia,175
2011,Lithuania,237
2011,Luxembourg,11
2011,Malaysia,46
2011,Mongolia,114
2011,"Yugoslavia, Federal Republic of (Serbia-Montenegro)",37
2011,Netherlands,166
2011,New Zealand,188
2011,Norway,433
2011,Poland,2475
2011,Portugal,140
2011,Romania,1876
2011,Singapore,39
2011,Slovakia,329
2011,Slovenia,79
2011,Spain,1488
2011,Sweden,500
2011,"Macedonia, Former Yugoslav Republic of",163
2011,Tonga,55
2011,Turkey,1845
2011,Ukraine,23
2011,United Arab Emirates,35
2011,United Kingdom,9500
2011,United States,90000
2011,Albania,286
2011,Armenia,126
2011,Australia,1550
2011,Austria,3
2011,Azerbaijan,94
2011,Belgium,520
2011,Federation of Bosnia and Herzegovina,55
2011,Bulgaria,598
2011,Canada,556
2011,Croatia,312
2011,Czech Republic,626
2011,Denmark,750
2011,El Salvador,24
2011,Estonia,154
2011,Finland,156
2011,France,3916
2011,Georgia,935
2011,Germany,4818
2011,Greece,154
2011,Hungary,413
2011,Iceland,4
2011,Ireland,7
2011,Italy,3952
2011,Jordan,0
2011,"Korea, Republic of",350
2011,Latvia,175
2011,Lithuania,237
2011,Luxembourg,11
2011,Malaysia,46
2011,Mongolia,114
2011,"Yugoslavia, Federal Republic of (Serbia-Montenegro)",37
2011,Netherlands,166
2011,New Zealand,188
2011,Norway,433
2011,Poland,2475
2011,Portugal,140
2011,Romania,1876
2011,Singapore,39
2011,Slovakia,329
2011,Slovenia,79
2011,Spain,1488
2011,Sweden,500
2011,"Macedonia, Former Yugoslav Republic of",163
2011,Tonga,55
2011,Turkey,1845
2011,Ukraine,23
2011,United Arab Emirates,35
2011,United Kingdom,9500
2011,United States,90000
2012,Albania,286
2012,Armenia,126
2012,Australia,1550
2012,Austria,3
2012,Azerbaijan,94
2012,Bahrain,95
2012,Belgium,520
2012,Federation of Bosnia and Herzegovina,55
2012,Bulgaria,598
2012,Canada,556
2012,Croatia,312
2012,Czech Republic,626
2012,Denmark,750
2012,El Salvador,24
2012,Estonia,154
2012,Finland,156
2012,France,3916
2012,Georgia,935
2012,Germany,4818
2012,Greece,154
2012,Hungary,413
2012,Iceland,4
2012,Ireland,7
2012,Italy,3952
2012,Jordan,0
2012,"Korea, Republic of",350
2012,Latvia,175
2012,Lithuania,237
2012,Luxembourg,11
2012,Malaysia,46
2012,Mongolia,114
2012,"Yugoslavia, Federal Republic of (Serbia-Montenegro)",37
2012,Netherlands,166
2012,New Zealand,188
2012,Norway,433
2012,Poland,2475
2012,Portugal,118
2012,Romania,1876
2012,Singapore,39
2012,Slovakia,329
2012,Slovenia,79
2012,Spain,1488
2012,Sweden,500
2012,"Macedonia, Former Yugoslav Republic of",163
2012,Tonga,55
2012,Turkey,1845
2012,Ukraine,23
2012,United Arab Emirates,35
2012,United Kingdom,9500
2012,United States,90000
2012,Albania,286
2012,Armenia,126
2012,Australia,1660
2012,Austria,3
2012,Azerbaijan,94
2012,Bahrain,95
2012,Belgium,520
2012,Federation of Bosnia and Herzegovina,55
2012,Bulgaria,604
2012,Canada,510
2012,Croatia,312
2012,Czech Republic,626
2012,Denmark,750
2012,El Salvador,24
2012,Estonia,150
2012,Finland,156
2012,France,3491
2012,Georgia,935
2012,Germany,4715
2012,Greece,154
2012,Hungary,412
2012,Iceland,4
2012,Ireland,7
2012,Italy,3956
2012,Jordan,0
2012,"Korea, Republic of",350
2012,Latvia,185
2012,Lithuania,237
2012,Luxembourg,11
2012,Malaysia,46
2012,Mongolia,114
2012,"Yugoslavia, Federal Republic of (Serbia-Montenegro)",39
2012,Netherlands,167
2012,New Zealand,189
2012,Norway,487
2012,Poland,2472
2012,Portugal,117
2012,Romania,1876
2012,Singapore,39
2012,Slovakia,330
2012,Slovenia,77
2012,Spain,1502
2012,Sweden,500
2012,"Macedonia, Former Yugoslav Republic of",163
2012,Tonga,55
2012,Turkey,1846
2012,Ukraine,23
2012,United Arab Emirates,35
2012,United Kingdom,9500
2012,United States,90
2012,Albania,290
2012,Armenia,126
2012,Australia,1650
2012,Austria,3
2012,Azerbaijan,94
2012,Bahrain,95
2012,Belgium,523
2012,Federation of Bosnia and Herzegovina,53
2012,Bulgaria,605
2012,Canada,506
2012,Croatia,320
2012,Czech Republic,528
2012,Denmark,692
2012,El Salvador,25
2012,Estonia,153
2012,Finland,171
2012,France,3524
2012,Georgia,807
2012,Germany,4834
2012,Greece,130
2012,Hungary,340
2012,Iceland,4
2012,Ireland,7
2012,Italy,3815
2012,Jordan,0
2012,"Korea, Republic of",350
2012,Latvia,175
2012,Lithuania,245
2012,Luxembourg,11
2012,Malaysia,46
2012,Mongolia,114
2012,"Yugoslavia, Federal Republic of (Serbia-Montenegro)",39
2012,Netherlands,275
2012,New Zealand,187
2012,Norway,490
2012,Poland,2456
2012,Portugal,116
2012,Romania,1935
2012,Singapore,39
2012,Slovakia,330
2012,Slovenia,77
2012,Spain,1494
2012,Sweden,500
2012,"Macedonia, Former Yugoslav Republic of",177
2012,Tonga,55
2012,Turkey,1322
2012,Ukraine,23
2012,United Arab Emirates,35
2012,United Kingdom,9500
2012,United States,90
2012,Albania,290
2012,Armenia,126
2012,Australia,1650
2012,Austria,3
2012,Azerbaijan,94
2012,Bahrain,95
2012,Belgium,522
2012,Federation of Bosnia and Herzegovina,59
2012,Bulgaria,605
2012,Canada,508
2012,Croatia,320
2012,Czech Republic,527
2012,Denmark,692
2012,El Salvador,25
2012,Estonia,153
2012,Finland,176
2012,France,3308
2012,Georgia,800
2012,Germany,4900
2012,Greece,122
2012,Hungary,337
2012,Iceland,6
2012,Ireland,7
2012,Italy,3816
2012,Jordan,0
2012,"Korea, Republic of",350
2012,Latvia,175
2012,Lithuania,245
2012,Luxembourg,10
2012,Malaysia,46
2012,Mongolia,113
2012,"Yugoslavia, Federal Republic of (Serbia-Montenegro)",39
2012,Netherlands,274
2012,New Zealand,153
2012,Norway,525
2012,Poland,2457
2012,Portugal,133
2012,Romania,1843
2012,Singapore,39
2012,Slovakia,331
2012,Slovenia,89
2012,Spain,1481
2012,Sweden,500
2012,"Macedonia, Former Yugoslav Republic of",177
2012,Tonga,55
2012,Turkey,1327
2012,Ukraine,23
2012,United Arab Emirates,35
2012,United Kingdom,9500
2012,United States,90000
2012,Albania,333
2012,Armenia,126
2012,Australia,1650
2012,Austria,3
2012,Azerbaijan,94
2012,Bahrain,95
2012,Belgium,524
2012,Federation of Bosnia and Herzegovina,59
2012,Bulgaria,561
2012,Canada,950
2012,Croatia,278
2012,Czech Republic,529
2012,Denmark,676
2012,El Salvador,24
2012,Estonia,153
2012,Finland,177
2012,France,3279
2012,Georgia,800
2012,Germany,4701
2012,Greece,112
2012,Hungary,339
2012,Iceland,6
2012,Ireland,7
2012,Italy,3986
2012,Jordan,0
2012,"Korea, Republic of",350
2012,Latvia,175
2012,Lithuania,237
2012,Luxembourg,10
2012,Malaysia,46
2012,Mongolia,102
2012,"Yugoslavia, Federal Republic of (Serbia-Montenegro)",39
2012,Netherlands,500
2012,New Zealand,152
2012,Norway,515
2012,Poland,2420
2012,Portugal,155
2012,Romania,1800
2012,Singapore,39
2012,Slovakia,330
2012,Slovenia,79
2012,Spain,1596
2012,Sweden,500
2012,"Macedonia, Former Yugoslav Republic of",177
2012,Tonga,55
2012,Turkey,1272
2012,Ukraine,23
2012,United Arab Emirates,35
2012,United Kingdom,9500
2012,United States,90
2012,Albania,333
2012,Armenia,126
2012,Australia,1550
2012,Austria,3
2012,Azerbaijan,94
2012,Bahrain,95
2012,Belgium,524
2012,Federation of Bosnia and Herzegovina,59
2012,Bulgaria,561
2012,Canada,950
2012,Croatia,278
2012,Czech Republic,529
2012,Denmark,676
2012,El Salvador,24
2012,Estonia,153
2012,Finland,177
2012,France,3279
2012,Georgia,800
2012,Germany,4701
2012,Greece,112
2012,Hungary,339
2012,Iceland,6
2012,Ireland,7
2012,Italy,3986
2012,Jordan,0
2012,"Korea, Republic of",360
2012,Latvia,175
2012,Lithuania,237
2012,Luxembourg,10
2012,Malaysia,46
2012,Mongolia,102
2012,"Yugoslavia, Federal Republic of (Serbia-Montenegro)",39
2012,Netherlands,500
2012,New Zealand,152
2012,Norway,515
2012,Poland,2420
2012,Portugal,155
2012,Romania,1800
2012,Singapore,39
2012,Slovakia,330
2012,Slovenia,79
2012,Spain,1596
2012,Sweden,500
2012,"Macedonia, Former Yugoslav Republic of",177
2012,Tonga,55
2012,Turkey,1272
2012,Ukraine,23
2012,United Arab Emirates,35
2012,United Kingdom,9500
2012,United States,90000
2012,Albania,211
2012,Armenia,127
2012,Australia,1550
2012,Austria,3
2012,Azerbaijan,94
2012,Bahrain,95
2012,Belgium,520
2012,Federation of Bosnia and Herzegovina,59
2012,Bulgaria,563
2012,Canada,950
2012,Croatia,274
2012,Czech Republic,423
2012,Denmark,624
2012,El Salvador,25
2012,Estonia,154
2012,Finland,181
2012,France,2453
2012,Georgia,806
2012,Germany,4645
2012,Greece,12
2012,Hungary,354
2012,Iceland,3
2012,Ireland,6
2012,Italy,4000
2012,Jordan,0
2012,"Korea, Republic of",350
2012,Latvia,180
2012,Lithuania,241
2012,Luxembourg,1
2012,Malaysia,42
2012,Mongolia,101
2012,"Yugoslavia, Federal Republic of (Serbia-Montenegro)",41
2012,Netherlands,500
2012,New Zealand,152
2012,Norway,538
2012,Poland,2432
2012,Portugal,137
2012,Romania,1808
2012,Singapore,39
2012,Slovakia,343
2012,Slovenia,80
2012,Spain,1500
2012,Sweden,500
2012,"Macedonia, Former Yugoslav Republic of",177
2012,Tonga,55
2012,Turkey,1271
2012,Ukraine,24
2012,United Arab Emirates,35
2012,United Kingdom,9500
2012,United States,74400
2012,Albania,212
2012,Armenia,126
2012,Australia,1550
2012,Austria,3
2012,Azerbaijan,94
2012,Bahrain,95
2012,Belgium,283
2012,Federation of Bosnia and Herzegovina,54
2012,Bulgaria,572
2012,Canada,950
2012,Croatia,260
2012,Czech Republic,422
2012,Denmark,613
2012,El Salvador,24
2012,Estonia,155
2012,Finland,136
2012,France,2418
2012,Georgia,800
2012,Germany,4737
2012,Greece,12
2012,Hungary,555
2012,Iceland,3
2012,Ireland,6
2012,Italy,4000
2012,Jordan,0
2012,"Korea, Republic of",350
2012,Latvia,40
2012,Lithuania,221
2012,Luxembourg,10
2012,Malaysia,46
2012,Mongolia,88
2012,"Yugoslavia, Federal Republic of (Serbia-Montenegro)",41
2012,Netherlands,500
2012,New Zealand,155
2012,Norway,145
2012,Poland,1.8
2012,Portugal,141
2012,Romania,1762
2012,Singapore,39
2012,Slovakia,343
2012,Slovenia,77
2012,Spain,1.45
2012,Sweden,506
2012,"Macedonia, Former Yugoslav Republic of",168
2012,Tonga,55
2012,Turkey,1.328
2012,Ukraine,25
2012,United Arab Emirates,35
2012,United Kingdom,9.5
2012,United States,68
2012,Albania,199
2012,Armenia,126
2012,Australia,1094
2012,Austria,3
2012,Azerbaijan,94
2012,Bahrain,95
2012,Belgium,265
2012,Federation of Bosnia and Herzegovina,53
2012,Bulgaria,581
2012,Canada,950
2012,Croatia,242
2012,Czech Republic,416
2012,Denmark,567
2012,El Salvador,12
2012,Estonia,150
2012,Finland,112
2012,France,543
2012,Georgia,1561
2012,Germany,4318
2012,Greece,10
2012,Hungary,582
2012,Iceland,2
2012,Ireland,7
2012,Italy,4000
2012,Jordan,0
2012,"Korea, Republic of",350
2012,Latvia,27
2012,Lithuania,240
2012,Luxembourg,10
2012,Malaysia,4
2012,Mongolia,46
2012,"Yugoslavia, Federal Republic of (Serbia-Montenegro)",40
2012,Netherlands,500
2012,New Zealand,156
2012,Norway,97
2012,Poland,1770
2012,Portugal,141
2012,Romania,1549
2012,Singapore,39
2012,Slovakia,234
2012,Slovenia,38
2012,Spain,1606
2012,Sweden,413
2012,"Macedonia, Former Yugoslav Republic of",157
2012,Tonga,55
2012,Turkey,998
2012,Ukraine,24
2012,United Arab Emirates,35
2012,United Kingdom,9500
2012,United States,68000
2012,Albania,199
2012,Armenia,126
2012,Australia,1.55
2012,Austria,3
2012,Azerbaijan,94
2012,Bahrain,95
2012,Belgium,265
2012,Federation of Bosnia and Herzegovina,53
2012,Bulgaria,581
2012,Canada,950
2012,Croatia,242
2012,Czech Republic,416
2012,Denmark,567
2012,El Salvador,12
2012,Estonia,150
2012,Finland,112
2012,France,543
2012,Georgia,1561
2012,Germany,4318
2012,Greece,10
2012,Hungary,582
2012,Iceland,2
2012,Ireland,7
2012,Italy,4000
2012,Jordan,0
2012,"Korea, Republic of",350
2012,Latvia,27
2012,Lithuania,240
2012,Luxembourg,10
2012,Malaysia,4
2012,Mongolia,46
2012,"Yugoslavia, Federal Republic of (Serbia-Montenegro)",40
2012,Netherlands,500
2012,New Zealand,156
2012,Norway,97
2012,Poland,1770
2012,Portugal,141
2012,Romania,1549
2012,Singapore,39
2012,Slovakia,234
2012,Slovenia,79
2012,Spain,1606
2012,Sweden,413
2012,"Macedonia, Former Yugoslav Republic of",157
2012,Tonga,55
2012,Turkey,998
2012,Ukraine,24
2012,United Arab Emirates,35
2012,United Kingdom,9500
2012,United States,68000
2013,Albania,221
2013,Armenia,45
2013,Australia,1096
2013,Austria,3
2013,Azerbaijan,94
2013,Bahrain,0
2013,Belgium,253
2013,Federation of Bosnia and Herzegovina,53
2013,Bulgaria,419
2013,Canada,950
2013,Croatia,245
2013,Czech Republic,415
2013,Denmark,568
2013,El Salvador,12
2013,Estonia,162
2013,Finland,125
2013,France,550
2013,Georgia,1561
2013,Germany,4400
2013,Greece,10
2013,Hungary,611
2013,Iceland,3
2013,Ireland,7
2013,Italy,3067
2013,Jordan,0
2013,"Korea, Republic of",350
2013,Latvia,26
2013,Lithuania,240
2013,Luxembourg,9
2013,Malaysia,2
2013,Mongolia,46
2013,"Yugoslavia, Federal Republic of (Serbia-Montenegro)",40
2013,Netherlands,500
2013,New Zealand,155
2013,Norway,98
2013,Poland,1739
2013,Portugal,179
2013,Romania,1595
2013,Singapore,39
2013,Slovakia,238
2013,Slovenia,65
2013,Spain,1305
2013,Sweden,453
2013,"Macedonia, Former Yugoslav Republic of",158
2013,Tonga,55
2013,Turkey,1093
2013,Ukraine,26
2013,United Arab Emirates,35
2013,United Kingdom,9000
2013,United States,68000
2013,Albania,221
2013,Armenia,45
2013,Australia,1096
2013,Austria,3
2013,Azerbaijan,94
2013,Bahrain,0
2013,Belgium,253
2013,Federation of Bosnia and Herzegovina,53
2013,Bulgaria,419
2013,Canada,950
2013,Croatia,245
2013,Czech Republic,415
2013,Denmark,568
2013,El Salvador,12
2013,Estonia,162
2013,Finland,125
2013,France,550
2013,Georgia,1561
2013,Germany,4400
2013,Greece,10
2013,Hungary,611
2013,Iceland,3
2013,Ireland,7
2013,Italy,3067
2013,Jordan,0
2013,"Korea, Republic of",350
2013,Latvia,26
2013,Lithuania,240
2013,Luxembourg,9
2013,Malaysia,2
2013,Mongolia,46
2013,"Yugoslavia, Federal Republic of (Serbia-Montenegro)",40
2013,Netherlands,500
2013,New Zealand,155
2013,Norway,98
2013,Poland,1739
2013,Portugal,179
2013,Romania,1595
2013,Singapore,39
2013,Slovakia,238
2013,Slovenia,79
2013,Spain,1305
2013,Sweden,453
2013,"Macedonia, Former Yugoslav Republic of",158
2013,Tonga,55
2013,Turkey,1093
2013,Ukraine,26
2013,United Arab Emirates,35
2013,United Kingdom,9000
2013,United States,68000
2013,Albania,221
2013,Armenia,45
2013,Australia,1096
2013,Austria,3
2013,Azerbaijan,94
2013,Bahrain,0
2013,Belgium,253
2013,Federation of Bosnia and Herzegovina,53
2013,Bulgaria,419
2013,Canada,950
2013,Croatia,245
2013,Czech Republic,415
2013,Denmark,568
2013,El Salvador,12
2013,Estonia,162
2013,Finland,125
2013,France,550
2013,Georgia,1561
2013,Germany,4400
2013,Greece,10
2013,Hungary,611
2013,Iceland,3
2013,Ireland,7
2013,Italy,3067
2013,Jordan,0
2013,"Korea, Republic of",350
2013,Latvia,26
2013,Lithuania,240
2013,Luxembourg,9
2013,Malaysia,2
2013,Mongolia,46
2013,"Yugoslavia, Federal Republic of (Serbia-Montenegro)",40
2013,Netherlands,500
2013,New Zealand,155
2013,Norway,98
2013,Poland,1739
2013,Portugal,179
2013,Romania,1595
2013,Singapore,39
2013,Slovakia,238
2013,Slovenia,79
2013,Spain,1305
2013,Sweden,453
2013,"Macedonia, Former Yugoslav Republic of",158
2013,Tonga,55
2013,Turkey,1093
2013,Ukraine,26
2013,United Arab Emirates,35
2013,United Kingdom,9000
2013,United States,68000
2013,Albania,221
2013,Armenia,126
2013,Australia,1084
2013,Austria,3
2013,Azerbaijan,94
2013,Bahrain,0
2013,Belgium,240
2013,Federation of Bosnia and Herzegovina,53
2013,Bulgaria,407
2013,Canada,950
2013,Croatia,188
2013,Czech Republic,123
2013,Denmark,558
2013,El Salvador,13
2013,Estonia,163
2013,Finland,126
2013,France,459
2013,Georgia,1561
2013,Germany,4400
2013,Greece,3
2013,Hungary,368
2013,Iceland,3
2013,Ireland,7
2013,Italy,3049
2013,Jordan,0
2013,"Korea, Republic of",350
2013,Latvia,26
2013,Lithuania,240
2013,Luxembourg,10
2013,Malaysia,2
2013,Mongolia,46
2013,"Yugoslavia, Federal Republic of (Serbia-Montenegro)",27
2013,Netherlands,500
2013,New Zealand,155
2013,Norway,165
2013,Poland,1744
2013,Portugal,164
2013,Romania,1536
2013,Singapore,39
2013,Slovakia,236
2013,Slovenia,79
2013,Spain,1249
2013,Sweden,472
2013,"Macedonia, Former Yugoslav Republic of",158
2013,Tonga,55
2013,Turkey,1097
2013,Ukraine,25
2013,United Arab Emirates,35
2013,United Kingdom,9000
2013,United States,68000
2013,Albania,221
2013,Armenia,126
2013,Australia,1084
2013,Austria,3
2013,Azerbaijan,94
2013,Bahrain,0
2013,Belgium,240
2013,Federation of Bosnia and Herzegovina,53
2013,Bulgaria,407
2013,Canada,950
2013,Croatia,188
2013,Czech Republic,123
2013,Denmark,558
2013,El Salvador,13
2013,Estonia,163
2013,Finland,126
2013,France,459
2013,Georgia,1561
2013,Germany,4400
2013,Greece,3
2013,Hungary,368
2013,Iceland,3
2013,Ireland,7
2013,Italy,3049
2013,Jordan,0
2013,"Korea, Republic of",350
2013,Latvia,26
2013,Lithuania,240
2013,Luxembourg,10
2013,Malaysia,2
2013,Mongolia,46
2013,"Yugoslavia, Federal Republic of (Serbia-Montenegro)",27
2013,Netherlands,500
2013,New Zealand,155
2013,Norway,165
2013,Poland,1744
2013,Portugal,164
2013,Romania,1536
2013,Singapore,39
2013,Slovakia,236
2013,Slovenia,60
2013,Spain,1249
2013,Sweden,472
2013,"Macedonia, Former Yugoslav Republic of",158
2013,Tonga,55
2013,Turkey,1097
2013,Ukraine,25
2013,United Arab Emirates,35
2013,United Kingdom,9000
2013,United States,68000
2013,Albania,216
2013,Armenia,126
2013,Australia,1039
2013,Austria,3
2013,Azerbaijan,94
2013,Bahrain,0
2013,Belgium,182
2013,Federation of Bosnia and Herzegovina,79
2013,Bulgaria,383
2013,Canada,950
2013,Croatia,190
2013,Czech Republic,188
2013,Denmark,522
2013,El Salvador,24
2013,Estonia,163
2013,Finland,126
2013,France,455
2013,Georgia,1561
2013,Germany,4400
2013,Greece,3
2013,Hungary,364
2013,Iceland,3
2013,Ireland,7
2013,Italy,3034
2013,Jordan,0
2013,"Korea, Republic of",350
2013,Latvia,26
2013,Lithuania,244
2013,Luxembourg,10
2013,Malaysia,2
2013,Mongolia,46
2013,"Yugoslavia, Federal Republic of (Serbia-Montenegro)",27
2013,Netherlands,500
2013,New Zealand,13
2013,Norway,166
2013,Poland,1741
2013,Portugal,165
2013,Romania,1521
2013,Singapore,11
2013,Slovakia,229
2013,Slovenia,60
2013,Spain,863
2013,Sweden,287
2013,"Macedonia, Former Yugoslav Republic of",158
2013,Tonga,55
2013,Turkey,1101
2013,Ukraine,26
2013,United Arab Emirates,35
2013,United Kingdom,8065
2013,United States,68000
2013,Albania,216
2013,Armenia,126
2013,Australia,1039
2013,Austria,3
2013,Azerbaijan,94
2013,Bahrain,0
2013,Belgium,182
2013,Federation of Bosnia and Herzegovina,79
2013,Bulgaria,383
2013,Canada,950
2013,Croatia,190
2013,Czech Republic,188
2013,Denmark,522
2013,El Salvador,24
2013,Estonia,163
2013,Finland,126
2013,France,455
2013,Georgia,1561
2013,Germany,4400
2013,Greece,3
2013,Hungary,364
2013,Iceland,3
2013,Ireland,7
2013,Italy,3034
2013,Jordan,0
2013,"Korea, Republic of",350
2013,Latvia,144
2013,Lithuania,244
2013,Luxembourg,10
2013,Malaysia,2
2013,Mongolia,46
2013,"Yugoslavia, Federal Republic of (Serbia-Montenegro)",27
2013,Netherlands,500
2013,New Zealand,13
2013,Norway,166
2013,Poland,1741
2013,Portugal,165
2013,Romania,1521
2013,Singapore,11
2013,Slovakia,229
2013,Slovenia,60
2013,Spain,863
2013,Sweden,287
2013,"Macedonia, Former Yugoslav Republic of",158
2013,Tonga,55
2013,Turkey,1101
2013,Ukraine,26
2013,United Arab Emirates,35
2013,United Kingdom,8065
2013,United States,68000
2013,Albania,216
2013,Armenia,126
2013,Australia,1039
2013,Austria,3
2013,Azerbaijan,94
2013,Bahrain,0
2013,Belgium,182
2013,Federation of Bosnia and Herzegovina,79
2013,Bulgaria,383
2013,Canada,950
2013,Croatia,190
2013,Czech Republic,188
2013,Denmark,522
2013,El Salvador,24
2013,Estonia,163
2013,Finland,126
2013,France,455
2013,Georgia,1561
2013,Germany,4400
2013,Greece,3
2013,Hungary,364
2013,Iceland,3
2013,Ireland,7
2013,Italy,3034
2013,Jordan,0
2013,"Korea, Republic of",350
2013,Latvia,144
2013,Lithuania,244
2013,Luxembourg,10
2013,Malaysia,2
2013,Mongolia,46
2013,"Yugoslavia, Federal Republic of (Serbia-Montenegro)",27
2013,Netherlands,500
2013,New Zealand,13
2013,Norway,166
2013,Poland,1741
2013,Portugal,165
2013,Romania,1521
2013,Slovakia,229
2013,Slovenia,60
2013,Spain,863
2013,Sweden,287
2013,"Macedonia, Former Yugoslav Republic of",158
2013,Tonga,55
2013,Turkey,1101
2013,Ukraine,26
2013,United Arab Emirates,35
2013,United Kingdom,8065
2013,United States,68000
2013,Albania,105
2013,Armenia,131
2013,Australia,1031
2013,Austria,3
2013,Azerbaijan,94
2013,Bahrain,0
2013,Belgium,180
2013,Federation of Bosnia and Herzegovina,79
2013,Bulgaria,416
2013,Canada,950
2013,Croatia,181
2013,Czech Republic,182
2013,Denmark,317
2013,El Salvador,24
2013,Estonia,160
2013,Finland,100
2013,France,266
2013,Georgia,1561
2013,Germany,4400
2013,Greece,3
2013,Hungary,354
2013,Iceland,3
2013,Ireland,7
2013,Italy,2825
2013,Jordan,0
2013,"Korea, Republic of",50
2013,Latvia,141
2013,Lithuania,240
2013,Luxembourg,10
2013,Malaysia,2
2013,Mongolia,40
2013,"Yugoslavia, Federal Republic of (Serbia-Montenegro)",27
2013,Netherlands,400
2013,New Zealand,11
2013,Norway,111
2013,Poland,1177
2013,Portugal,165
2013,Romania,1077
2013,Slovakia,199
2013,Slovenia,60
2013,Spain,856
2013,Sweden,259
2013,"Macedonia, Former Yugoslav Republic of",158
2013,Tonga,55
2013,Turkey,1036
2013,Ukraine,26
2013,United Arab Emirates,35
2013,United Kingdom,7700
2013,United States,60000
2013,Albania,91
2013,Armenia,131
2013,Australia,1029
2013,Austria,3
2013,Azerbaijan,94
2013,Bahrain,0
2013,Belgium,193
2013,Federation of Bosnia and Herzegovina,79
2013,Bulgaria,416
2013,Canada,950
2013,Croatia,187
2013,Czech Republic,213
2013,Denmark,249
2013,El Salvador,24
2013,Estonia,160
2013,Finland,100
2013,France,235
2013,Georgia,1560
2013,Germany,4400
2013,Greece,8
2013,Hungary,151
2013,Iceland,3
2013,Ireland,7
2013,Italy,2826
2013,Jordan,0
2013,"Korea, Republic of",50
2013,Latvia,141
2013,Lithuania,96
2013,Luxembourg,10
2013,Malaysia,2
2013,Mongolia,40
2013,"Yugoslavia, Federal Republic of (Serbia-Montenegro)",25
2013,Netherlands,400
2013,New Zealand,11
2013,Norway,111
2013,Poland,1553
2013,Portugal,154
2013,Romania,1022
2013,Slovakia,199
2013,Slovenia,35
2013,Spain,414
2013,Sweden,259
2013,"Macedonia, Former Yugoslav Republic of",158
2013,Tonga,55
2013,Turkey,1041
2013,Ukraine,14
2013,United Arab Emirates,35
2013,United Kingdom,7900
2013,United States,60000
2013,Albania,91
2013,Armenia,131
2013,Australia,1045
2013,Austria,3
2013,Azerbaijan,94
2013,Bahrain,0
2013,Belgium,151
2013,Federation of Bosnia and Herzegovina,79
2013,Bulgaria,416
2013,Canada,620
2013,Croatia,186
2013,Czech Republic,213
2013,Denmark,253
2013,El Salvador,24
2013,Estonia,160
2013,Finland,100
2013,France,212
2013,Georgia,1560
2013,Germany,3084
2013,Greece,8
2013,Hungary,121
2013,Iceland,3
2013,Ireland,7
2013,Italy,2822
2013,Jordan,0
2013,"Korea, Republic of",50
2013,Latvia,131
2013,Lithuania,95
2013,Luxembourg,10
2013,Malaysia,2
2013,Mongolia,40
2013,"Yugoslavia, Federal Republic of (Serbia-Montenegro)",25
2013,Netherlands,200
2013,New Zealand,11
2013,Norway,111
2013,Poland,1099
2013,Portugal,78
2013,Romania,1018
2013,Slovakia,199
2013,Slovenia,32
2013,Spain,260
2013,Sweden,279
2013,"Macedonia, Former Yugoslav Republic of",156
2013,Tonga,55
2013,Turkey,1035
2013,Ukraine,14
2013,United Arab Emirates,35
2013,United Kingdom,7953
2013,United States,60000
2014,Albania,74
2014,Armenia,121
2014,Australia,348
2014,Austria,3
2014,Azerbaijan,94
2014,Bahrain,0
2014,Belgium,140
2014,Federation of Bosnia and Herzegovina,53
2014,Bulgaria,417
2014,Canada,265
2014,Croatia,140
2014,Czech Republic,219
2014,Denmark,263
2014,El Salvador,12
2014,Estonia,156
2014,Finland,110
2014,France,205
2014,Georgia,1560
2014,Germany,3077
2014,Greece,7
2014,Hungary,131
2014,Iceland,2
2014,Ireland,7
2014,Italy,2159
2014,Jordan,456
2014,"Korea, Republic of",50
2014,Latvia,131
2014,Lithuania,99
2014,Luxembourg,10
2014,Malaysia,1
2014,Mongolia,40
2014,"Yugoslavia, Federal Republic of (Serbia-Montenegro)",25
2014,Netherlands,200
2014,New Zealand,2
2014,Norway,109
2014,Poland,967
2014,Portugal,78
2014,Romania,505
2014,Slovakia,274
2014,Slovenia,34
2014,Spain,259
2014,Sweden,270
2014,"Macedonia, Former Yugoslav Republic of",155
2014,Tonga,55
2014,Turkey,458
2014,Ukraine,28
2014,United Arab Emirates,35
2014,United Kingdom,5200
2014,United States,38000
2014,Albania,76
2014,Armenia,121
2014,Australia,351
2014,Austria,3
2014,Azerbaijan,94
2014,Bahrain,0
2014,Belgium,143
2014,Federation of Bosnia and Herzegovina,53
2014,Bulgaria,387
2014,Canada,105
2014,Croatia,158
2014,Czech Republic,250
2014,Denmark,214
2014,El Salvador,13
2014,Estonia,159
2014,Finland,97
2014,France,210
2014,Georgia,805
2014,Germany,2938
2014,Greece,8
2014,Hungary,131
2014,Iceland,2
2014,Ireland,7
2014,Italy,2165
2014,Jordan,1066
2014,"Korea, Republic of",50
2014,Latvia,135
2014,Lithuania,98
2014,Luxembourg,10
2014,Malaysia,2
2014,Mongolia,40
2014,"Yugoslavia, Federal Republic of (Serbia-Montenegro)",25
2014,Netherlands,224
2014,New Zealand,2
2014,Norway,108
2014,Poland,971
2014,Portugal,78
2014,Romania,1018
2014,Slovakia,277
2014,Slovenia,33
2014,Spain,259
2014,Sweden,270
2014,"Macedonia, Former Yugoslav Republic of",155
2014,Tonga,55
2014,Turkey,457
2014,Ukraine,28
2014,United Arab Emirates,35
2014,United Kingdom,5200
2014,United States,33600
2014,Albania,72
2014,Armenia,121
2014,Australia,351
2014,Austria,3
2014,Azerbaijan,94
2014,Bahrain,0
2014,Belgium,138
2014,Federation of Bosnia and Herzegovina,53
2014,Bulgaria,387
2014,Croatia,160
2014,Czech Republic,250
2014,Denmark,214
2014,El Salvador,13
2014,Estonia,159
2014,Finland,95
2014,France,211
2014,Georgia,805
2014,Germany,2730
2014,Greece,10
2014,Hungary,131
2014,Iceland,3
2014,Ireland,7
2014,Italy,2019
2014,Jordan,1066
2014,"Korea, Republic of",50
2014,Latvia,131
2014,Lithuania,95
2014,Luxembourg,10
2014,Malaysia,2
2014,Mongolia,40
2014,"Yugoslavia, Federal Republic of (Serbia-Montenegro)",25
2014,Netherlands,200
2014,New Zealand,2
2014,Norway,108
2014,Poland,968
2014,Portugal,81
2014,Romania,1021
2014,Slovakia,277
2014,Slovenia,34
2014,Spain,259
2014,Sweden,270
2014,"Macedonia, Former Yugoslav Republic of",150
2014,Tonga,55
2014,Turkey,459
2014,Ukraine,27
2014,United Arab Emirates,35
2014,United Kingdom,5200
2014,United States,33500
2014,Albania,72
2014,Armenia,121
2014,Australia,356
2014,Austria,3
2014,Azerbaijan,94
2014,Bahrain,0
2014,Belgium,147
2014,Federation of Bosnia and Herzegovina,53
2014,Bulgaria,378
2014,Croatia,146
2014,Czech Republic,250
2014,Denmark,165
2014,El Salvador,0
2014,Estonia,20
2014,Finland,95
2014,France,177
2014,Georgia,805
2014,Germany,2695
2014,Greece,10
2014,Hungary,100
2014,Iceland,3
2014,Ireland,7
2014,Italy,2000
2014,Jordan,1069
2014,"Korea, Republic of",50
2014,Latvia,31
2014,Lithuania,83
2014,Luxembourg,1
2014,Malaysia,2
2014,Mongolia,40
2014,"Yugoslavia, Federal Republic of (Serbia-Montenegro)",25
2014,Netherlands,200
2014,New Zealand,2
2014,Norway,67
2014,Poland,968
2014,Portugal,66
2014,Romania,1002
2014,Slovakia,275
2014,Slovenia,4
2014,Spain,247
2014,Sweden,219
2014,"Macedonia, Former Yugoslav Republic of",152
2014,Tonga,55
2014,Turkey,457
2014,Ukraine,27
2014,United Arab Emirates,35
2014,United Kingdom,5200
2014,United States,32800
2014,Albania,72
2014,Armenia,121
2014,Australia,272
2014,Austria,3
2014,Azerbaijan,94
2014,Bahrain,0
2014,Belgium,161
2014,Federation of Bosnia and Herzegovina,8
2014,Bulgaria,318
2014,Croatia,157
2014,Czech Republic,224
2014,Denmark,75
2014,El Salvador,4
2014,Estonia,19
2014,Finland,88
2014,France,88
2014,Georgia,755
2014,Germany,2250
2014,Greece,10
2014,Hungary,100
2014,Iceland,2
2014,Ireland,7
2014,Italy,1653
2014,Jordan,1066
2014,"Korea, Republic of",50
2014,Latvia,11
2014,Lithuania,80
2014,Luxembourg,10
2014,Malaysia,2
2014,Mongolia,40
2014,"Yugoslavia, Federal Republic of (Serbia-Montenegro)",25
2014,Netherlands,200
2014,New Zealand,4
2014,Norway,66
2014,Poland,322
2014,Portugal,50
2014,Romania,921
2014,Slovakia,277
2014,Slovenia,2
2014,Spain,184
2014,Sweden,12
2014,"Macedonia, Former Yugoslav Republic of",152
2014,Tonga,7
2014,Turkey,392
2014,Ukraine,12
2014,United Arab Emirates,118
2014,United Kingdom,3936
2014,United States,30700
2014,Albania,22
2014,Armenia,121
2014,Australia,273
2014,Austria,3
2014,Azerbaijan,94
2014,Bahrain,0
2014,Belgium,160
2014,Federation of Bosnia and Herzegovina,8
2014,Bulgaria,320
2014,Croatia,153
2014,Czech Republic,227
2014,Denmark,145
2014,El Salvador,0
2014,Estonia,4
2014,Finland,88
2014,France,88
2014,Georgia,755
2014,Germany,1599
2014,Greece,9
2014,Hungary,101
2014,Iceland,2
2014,Ireland,7
2014,Italy,1411
2014,Jordan,626
2014,"Korea, Republic of",50
2014,Latvia,11
2014,Lithuania,84
2014,Luxembourg,1
2014,Malaysia,2
2014,Mongolia,40
2014,"Yugoslavia, Federal Republic of (Serbia-Montenegro)",25
2014,Netherlands,30
2014,New Zealand,1
2014,Norway,57
2014,Poland,304
2014,Portugal,37
2014,Romania,327
2014,Slovakia,277
2014,Slovenia,2
2014,Spain,181
2014,Sweden,13
2014,"Macedonia, Former Yugoslav Republic of",152
2014,Tonga,0
2014,Turkey,393
2014,Ukraine,10
2014,United Arab Emirates,35
2014,United Kingdom,3906
2014,United States,28970
2014,Albania,11
2014,Armenia,121
2014,Australia,271
2014,Austria,3
2014,Azerbaijan,94
2014,Bahrain,0
2014,Belgium,55
2014,Federation of Bosnia and Herzegovina,8
2014,Bulgaria,320
2014,Croatia,153
2014,Czech Republic,227
2014,Denmark,149
2014,El Salvador,0
2014,Estonia,2
2014,Finland,90
2014,France,90
2014,Georgia,755
2014,Germany,1707
2014,Greece,9
2014,Hungary,84
2014,Iceland,3 i
2014,Ireland,7
2014,Italy,1400
2014,Jordan,616
2014,"Korea, Republic of",0
2014,Latvia,18
2014,Lithuania,72
2014,Luxembourg,1
2014,Malaysia,2
2014,Mongolia,40
2014,"Yugoslavia, Federal Republic of (Serbia-Montenegro)",25
2014,Netherlands,16
2014,New Zealand,1
2014,Norway,58
2014,Poland,65
2014,Portugal,57
2014,Romania,317
2014,Slovakia,12
2014,Slovenia,2
2014,Spain,181
2014,Sweden,13
2014,"Macedonia, Former Yugoslav Republic of",152
2014,Tonga,0
2014,Turkey,367
2014,Ukraine,14
2014,United Arab Emirates,35
2014,United Kingdom,2839
2014,United States,24050
2014,Albania,10
2014,Armenia,121
2014,Australia,268
2014,Austria,1
2014,Azerbaijan,94
2014,Bahrain,0
2014,Belgium,33
2014,Federation of Bosnia and Herzegovina,8
2014,Bulgaria,319
2014,Croatia,79
2014,Czech Republic,228
2014,Denmark,128
2014,El Salvador,0
2014,Estonia,2
2014,Finland,91
2014,France,89
2014,Georgia,755
2014,Germany,1318
2014,Greece,8
2014,Hungary,79
2014,Iceland,3
2014,Ireland,7
2014,Italy,1373
2014,Jordan,616
2014,"Korea, Republic of",0
2014,Latvia,18
2014,Lithuania,47
2014,Luxembourg,0
2014,Malaysia,2
2014,Mongolia,40
2014,"Yugoslavia, Federal Republic of (Serbia-Montenegro)",25
2014,Netherlands,30
2014,New Zealand,0
2014,Norway,60
2014,Poland,310
2014,Portugal,32
2014,Romania,273
2014,Slovakia,32
2014,Slovenia,2
2014,Spain,273
2014,Sweden,12
2014,"Macedonia, Former Yugoslav Republic of",152
2014,Tonga,0
2014,Turkey,361
2014,Ukraine,9
2014,United Arab Emirates,35
2014,United Kingdom,2837
2014,United States,18180
